URL,Last crawled
https://www.usereviewflo.com/blog,1969-12-31
https://www.usereviewflo.com/blog/how-to-get-more-google-reviews,1969-12-31
https://www.usereviewflo.com/blog/how-to-get-more-google-reviews-barbershop,1969-12-31
https://www.usereviewflo.com/blog/how-to-prevent-bad-google-reviews,1969-12-31
https://www.usereviewflo.com/blog/how-to-respond-to-negative-google-reviews,1969-12-31
https://www.usereviewflo.com/blog/podium-alternative-small-business,1969-12-31
https://www.usereviewflo.com/demo,1969-12-31
https://www.usereviewflo.com/for/acupuncture,1969-12-31
https://www.usereviewflo.com/for/appliance-repair,1969-12-31
https://www.usereviewflo.com/for/auto-detailing-shops,1969-12-31
https://www.usereviewflo.com/for/auto-repair-shops,1969-12-31
https://www.usereviewflo.com/for/barber-shops,1969-12-31
https://www.usereviewflo.com/for/bed-and-breakfasts,1969-12-31
https://www.usereviewflo.com/for/carpet-cleaning,1969-12-31
https://www.usereviewflo.com/for/chiropractors,1969-12-31
https://www.usereviewflo.com/for/collision-repair,1969-12-31
https://www.usereviewflo.com/for/cosmetic-dentistry,1969-12-31
https://www.usereviewflo.com/for/dance-studios,1969-12-31
https://www.usereviewflo.com/for/day-spas,1969-12-31
https://www.usereviewflo.com/for/dental-practices,1969-12-31
https://www.usereviewflo.com/for/dermatology-clinics,1969-12-31
https://www.usereviewflo.com/for/dog-grooming,1969-12-31
https://www.usereviewflo.com/for/dog-walking,1969-12-31
https://www.usereviewflo.com/for/dry-cleaning,1969-12-31
https://www.usereviewflo.com/for/estheticians,1969-12-31
https://www.usereviewflo.com/for/event-venues,1969-12-31
https://www.usereviewflo.com/for/eyebrow-lash-studios,1969-12-31
https://www.usereviewflo.com/for/flooring-installation,1969-12-31
https://www.usereviewflo.com/for/garage-door-repair,1969-12-31
https://www.usereviewflo.com/for/gutter-cleaning,1969-12-31
https://www.usereviewflo.com/for/hair-salons,1969-12-31
https://www.usereviewflo.com/for/handyman-services,1969-12-31
https://www.usereviewflo.com/for/lawn-care,1969-12-31
https://www.usereviewflo.com/for/makeup-artists,1969-12-31
https://www.usereviewflo.com/for/martial-arts-schools,1969-12-31
https://www.usereviewflo.com/for/massage-therapy,1969-12-31
https://www.usereviewflo.com/for/medical-spas,1969-12-31
https://www.usereviewflo.com/for/mobile-car-wash,1969-12-31
https://www.usereviewflo.com/for/mobile-dog-grooming,1969-12-31
https://www.usereviewflo.com/for/mobile-mechanics,1969-12-31
https://www.usereviewflo.com/for/mobile-vet-services,1969-12-31
https://www.usereviewflo.com/for/motels,1969-12-31
https://www.usereviewflo.com/for/moving-companies,1969-12-31
https://www.usereviewflo.com/for/music-lessons,1969-12-31
https://www.usereviewflo.com/for/nail-salons,1969-12-31
https://www.usereviewflo.com/for/nutrition-coaching,1969-12-31
https://www.usereviewflo.com/for/oil-change-services,1969-12-31
https://www.usereviewflo.com/for/orthodontists,1969-12-31
https://www.usereviewflo.com/for/personal-training,1969-12-31
https://www.usereviewflo.com/for/pest-control,1969-12-31
https://www.usereviewflo.com/for/pet-boarding,1969-12-31
https://www.usereviewflo.com/for/pet-sitting,1969-12-31
https://www.usereviewflo.com/for/phone-repair,1969-12-31
https://www.usereviewflo.com/for/photography-studios,1969-12-31
https://www.usereviewflo.com/for/pilates-studios,1969-12-31
https://www.usereviewflo.com/for/plumbing-services,1969-12-31
https://www.usereviewflo.com/for/pool-cleaning,1969-12-31
https://www.usereviewflo.com/for/pressure-washing,1969-12-31
https://www.usereviewflo.com/for/real-estate-agents,1969-12-31
https://www.usereviewflo.com/for/roofing-contractors,1969-12-31
https://www.usereviewflo.com/for/rv-parks-campgrounds,1969-12-31
https://www.usereviewflo.com/for/tailoring-alterations,1969-12-31
https://www.usereviewflo.com/for/tanning-salons,1969-12-31
https://www.usereviewflo.com/for/tattoo-studios,1969-12-31
https://www.usereviewflo.com/for/tax-preparation,1969-12-31
https://www.usereviewflo.com/for/tire-shops,1969-12-31
https://www.usereviewflo.com/for/transmission-repair,1969-12-31
https://www.usereviewflo.com/for/tree-trimming-arborists,1969-12-31
https://www.usereviewflo.com/for/tutoring-services,1969-12-31
https://www.usereviewflo.com/for/wedding-venues,1969-12-31
https://www.usereviewflo.com/for/window-cleaning,1969-12-31
https://www.usereviewflo.com/for/windshield-repair,1969-12-31
https://www.usereviewflo.com/for/yoga-studios,1969-12-31
https://www.usereviewflo.com/pricing,1969-12-31
https://www.usereviewflo.com/privacy-policy,1969-12-31